"External ID","Display Name","Email","Phone"
"__export__.res_partner_11_05f6d3a3","Apple","","959023456"
"__export__.res_partner_14_a8c6fe28","Bit2Me","","954678654"
"__export__.res_partner_12_e2d51d03","Coca-Cola","","953456789"
"__export__.res_partner_9_a162b2ee","Escuela Arte Granada","",""
"__export__.res_partner_13_a2377e06","Fiat","","951675432"
"__export__.res_partner_7_24e6b19d","Vodafone it","","950087654"
"__export__.res_partner_8_2ab12410","Volkswagen","","956785432"
"__export__.res_partner_10_8706d57a","llaollao","","957001876"
